place_name,city,country,category,rating,cost,description
India Gate,Delhi,India,Historical,4.6,0,"A War Memorial site in Delhi, significant for Historical. Best time to visit: Evening. Takes about 0.5 hours."
Humayun's Tomb,Delhi,India,Historical,4.5,30,"A Tomb site in Delhi, significant for Historical. Best time to visit: Afternoon. Takes about 2.0 hours."
Akshardham Temple,Delhi,India,Religious,4.6,60,"A Temple site in Delhi, significant for Religious. Best time to visit: Afternoon. Takes about 5.0 hours."
Waste to Wonder Park,Delhi,India,Environmental,4.1,50,"A Theme Park site in Delhi, significant for Environmental. Best time to visit: Evening. Takes about 2.0 hours."
Jantar Mantar,Delhi,India,Scientific,4.2,15,"A Observatory site in Delhi, significant for Scientific. Best time to visit: Morning. Takes about 2.0 hours."
Chandni Chowk,Delhi,India,Market,4.2,0,"A Market site in Delhi, significant for Market. Best time to visit: Afternoon. Takes about 3.0 hours."
Lotus Temple,Delhi,India,Religious,4.5,0,"A Temple site in Delhi, significant for Religious. Best time to visit: Evening. Takes about 1.0 hours."
Red Fort,Delhi,India,Historical,4.5,35,"A Fort site in Delhi, significant for Historical. Best time to visit: Afternoon. Takes about 2.0 hours."
Agrasen ki Baoli,Delhi,India,Historical,4.2,0,"A Stepwell site in Delhi, significant for Historical. Best time to visit: Afternoon. Takes about 1.0 hours."
Sunder Nursery,Delhi,India,Botanical,4.6,0,"A Park site in Delhi, significant for Botanical. Best time to visit: Afternoon. Takes about 2.0 hours."
Garden of Five Senses,Delhi,India,Botanical,4.1,35,"A Park site in Delhi, significant for Botanical. Best time to visit: Morning. Takes about 2.0 hours."
Lodhi Garden,Delhi,India,Botanical,4.5,0,"A Park site in Delhi, significant for Botanical. Best time to visit: All. Takes about 1.0 hours."
National Gallery of Modern Art,Delhi,India,Artistic,4.5,20,"A Museum site in Delhi, significant for Artistic. Best time to visit: All. Takes about 3.0 hours."
National Zoological Park ,Delhi,India,Environmental,4.1,80,"A Zoo site in Delhi, significant for Environmental. Best time to visit: All. Takes about 3.0 hours."
Qutub Minar,Delhi,India,Historical,4.5,35,"A Monument site in Delhi, significant for Historical. Best time to visit: Afternoon. Takes about 1.0 hours."
National Science Centre,Delhi,India,Scientific,4.4,70,"A Science site in Delhi, significant for Scientific. Best time to visit: All. Takes about 5.0 hours."
Marine Drive,Mumbai,India,Scenic,4.5,0,"A Promenade site in Mumbai, significant for Scenic. Best time to visit: Evening. Takes about 2.0 hours."
Gateway of India,Mumbai,India,Historical,4.6,0,"A Monument site in Mumbai, significant for Historical. Best time to visit: All. Takes about 1.0 hours."
Chhatrapati Shivaji Maharaj Vastu Sangrahalaya,Mumbai,India,Historical,4.6,500,"A Museum site in Mumbai, significant for Historical. Best time to visit: All. Takes about 1.0 hours."
Sanjay Gandhi National Park,Mumbai,India,Wildlife,4.3,50,"A National Park site in Mumbai, significant for Wildlife. Best time to visit: All. Takes about 3.0 hours."
Siddhivinayak Temple,Mumbai,India,Religious,4.8,0,"A Temple site in Mumbai, significant for Religious. Best time to visit: All. Takes about 2.0 hours."
Mahalaxmi Temple,Mumbai,India,Religious,4.7,0,"A Temple site in Mumbai, significant for Religious. Best time to visit: All. Takes about 1.0 hours."
Haji Ali Dargah,Mumbai,India,Religious,4.4,0,"A Religious Shrine site in Mumbai, significant for Religious. Best time to visit: All. Takes about 2.0 hours."
Chowpatty Beach,Mumbai,India,Recreational,4.3,0,"A Beach site in Mumbai, significant for Recreational. Best time to visit: Evening. Takes about 2.0 hours."
Essel World,Mumbai,India,Recreational,4.3,1149,"A Amusement Park site in Mumbai, significant for Recreational. Best time to visit: All. Takes about 5.0 hours."
Elephanta Caves,Mumbai,India,Historical,4.3,550,"A Monument site in Mumbai, significant for Historical. Best time to visit: All . Takes about 4.0 hours."
Imagicaa,Lonavala,India,Recreational,1.4,1149,"A Amusement Park site in Lonavala, significant for Recreational. Best time to visit: All. Takes about 5.0 hours."
Bangalore Palace,Bangalore,India,Historical,4.2,500,"A Palace site in Bangalore, significant for Historical. Best time to visit: Morning. Takes about 2.0 hours."
Lalbagh Botanical Garden,Bangalore,India,Nature,4.4,20,"A Botanical Garden site in Bangalore, significant for Nature. Best time to visit: Evening. Takes about 1.5 hours."
Cubbon Park,Bangalore,India,Nature,4.4,0,"A Park site in Bangalore, significant for Nature. Best time to visit: Morning. Takes about 1.0 hours."
Vidhana Soudha,Bangalore,India,Architectural,4.6,0,"A Government Building site in Bangalore, significant for Architectural. Best time to visit: Morning. Takes about 0.5 hours."
ISKCON Temple Bangalore,Bangalore,India,Religious,4.6,0,"A Temple site in Bangalore, significant for Religious. Best time to visit: Evening. Takes about 1.0 hours."
Charminar,Hyderabad,India,Historical,4.5,25,"A Landmark site in Hyderabad, significant for Historical. Best time to visit: Morning. Takes about 1.0 hours."
Golconda Fort,Hyderabad,India,Historical,4.4,30,"A Fort site in Hyderabad, significant for Historical. Best time to visit: Morning. Takes about 2.0 hours."
Hussain Sagar Lake,Hyderabad,India,Scenic,4.3,0,"A Lake site in Hyderabad, significant for Scenic. Best time to visit: Evening. Takes about 1.0 hours."
Ramoji Film City,Hyderabad,India,Entertainment,4.4,1150,"A Film Studio site in Hyderabad, significant for Entertainment. Best time to visit: All. Takes about 4.0 hours."
Salar Jung Museum,Hyderabad,India,Historical,4.4,20,"A Museum site in Hyderabad, significant for Historical. Best time to visit: All. Takes about 2.0 hours."
Qutb Shahi Tombs,Hyderabad,India,Historical,4.4,25,"A Tombs site in Hyderabad, significant for Historical. Best time to visit: Morning. Takes about 1.0 hours."
Birla Mandir,Hyderabad,India,Religious,4.7,0,"A Temple site in Hyderabad, significant for Religious. Best time to visit: All. Takes about 1.0 hours."
Chowmahalla Palace,Hyderabad,India,Historical,4.4,80,"A Palace site in Hyderabad, significant for Historical. Best time to visit: Morning. Takes about 1.5 hours."
Nehru Zoological Park,Hyderabad,India,Wildlife,4.2,50,"A Zoo site in Hyderabad, significant for Wildlife. Best time to visit: Morning. Takes about 3.0 hours."
Lumbini Park,Hyderabad,India,Recreational,4.1,20,"A Park site in Hyderabad, significant for Recreational. Best time to visit: Evening. Takes about 1.0 hours."
Victoria Memorial,Kolkata,India,Historical,4.6,30,"A Museum site in Kolkata, significant for Historical. Best time to visit: Morning. Takes about 1.5 hours."
Howrah Bridge,Kolkata,India,Architectural,4.6,0,"A Bridge site in Kolkata, significant for Architectural. Best time to visit: Anytime. Takes about 0.5 hours."
Indian Museum,Kolkata,India,Historical,4.6,50,"A Museum site in Kolkata, significant for Historical. Best time to visit: Morning. Takes about 2.0 hours."
Dakshineswar Kali Temple,Kolkata,India,Religious,4.7,0,"A Temple site in Kolkata, significant for Religious. Best time to visit: Morning. Takes about 1.0 hours."
Kalighat Kali Temple,Kolkata,India,Religious,4.4,0,"A Temple site in Kolkata, significant for Religious. Best time to visit: Morning. Takes about 1.0 hours."
Eden Gardens,Kolkata,India,Sports,4.1,2500,"A Cricket Ground site in Kolkata, significant for Sports. Best time to visit: All. Takes about 3.0 hours."
Alipore Zoological Gardens,Kolkata,India,Wildlife,4.3,25,"A Zoo site in Kolkata, significant for Wildlife. Best time to visit: Afternoon. Takes about 2.0 hours."
Science City Kolkata,Kolkata,India,Educational,4.4,60,"A Science site in Kolkata, significant for Educational. Best time to visit: All. Takes about 3.0 hours."
Belur Math,Kolkata,India,Religious,4.7,0,"A Site site in Kolkata, significant for Religious. Best time to visit: Morning. Takes about 1.5 hours."
Marble Palace,Kolkata,India,Historical,4.4,0,"A Palace site in Kolkata, significant for Historical. Best time to visit: Afternoon. Takes about 1.0 hours."
Calangute Beach,Goa,India,Scenic,4.4,0,"A Beach site in Goa, significant for Scenic. Best time to visit: Evening. Takes about 2.0 hours."
Basilica of Bom Jesus,Goa,India,Historical,4.5,0,"A Church site in Goa, significant for Historical. Best time to visit: Afternoon. Takes about 1.0 hours."
Fort Aguada,Goa,India,Historical,4.2,0,"A Fort site in Goa, significant for Historical. Best time to visit: Morning. Takes about 1.5 hours."
Dudhsagar Falls,Goa,India,Nature,4.6,500,"A Waterfall site in Goa, significant for Nature. Best time to visit: Afternoon. Takes about 3.0 hours."
Anjuna Beach,Goa,India,Scenic,4.4,0,"A Beach site in Goa, significant for Scenic. Best time to visit: Evening. Takes about 2.0 hours."
Chapora Fort,Goa,India,Historical,4.2,0,"A Fort site in Goa, significant for Historical. Best time to visit: Evening. Takes about 1.0 hours."
Se Cathedral,Goa,India,Historical,4.5,0,"A Church site in Goa, significant for Historical. Best time to visit: Afternoon. Takes about 1.0 hours."
Baga Beach,Goa,India,Scenic,4.5,0,"A Beach site in Goa, significant for Scenic. Best time to visit: Evening. Takes about 2.0 hours."
Arambol Beach,Goa,India,Scenic,4.6,0,"A Beach site in Goa, significant for Scenic. Best time to visit: Evening. Takes about 2.0 hours."
Palolem Beach,Goa,India,Scenic,4.6,0,"A Beach site in Goa, significant for Scenic. Best time to visit: Evening. Takes about 2.0 hours."
Colva Beach,Goa,India,Scenic,4.3,0,"A Beach site in Goa, significant for Scenic. Best time to visit: Evening. Takes about 2.0 hours."
Miramar Beach,Goa,India,Scenic,4.2,0,"A Beach site in Goa, significant for Scenic. Best time to visit: Evening. Takes about 1.5 hours."
Aguada Beach,Goa,India,Scenic,4.5,0,"A Beach site in Goa, significant for Scenic. Best time to visit: Evening. Takes about 2.0 hours."
Dr. Salim Ali Bird Santuary,Goa,India,Wildlife,3.9,10,"A Bird Sanctuary site in Goa, significant for Wildlife. Best time to visit: Afternoon. Takes about 2.0 hours."
Sabarmati Ashram,Ahmedabad,India,Historical,4.6,0,"A Historical site in Ahmedabad, significant for Historical. Best time to visit: Morning. Takes about 1.5 hours."
Dwarkadhish Temple,Dwarka,India,Religious,4.7,0,"A Temple site in Dwarka, significant for Religious. Best time to visit: Evening. Takes about 2.0 hours."
Gir National Park,Junagadh,India,Wildlife,4.5,3500,"A National Park site in Junagadh, significant for Wildlife. Best time to visit: Morning. Takes about 3.0 hours."
White Desert,Bhuj,India,Nature,4.6,0,"A Site site in Bhuj, significant for Nature. Best time to visit: Evening. Takes about 2.5 hours."
Laxmi Vilas Palace,Vadodara,India,Historical,4.4,200,"A Palace site in Vadodara, significant for Historical. Best time to visit: Afternoon. Takes about 2.0 hours."
Somnath Temple,Somnath,India,Religious,4.8,0,"A Temple site in Somnath, significant for Religious. Best time to visit: Morning. Takes about 2.0 hours."
Rann Utsav,Rann of Kutch,India,Cultural,4.9,7500,"A Cultural site in Rann of Kutch, significant for Cultural. Best time to visit: Evening. Takes about 3.0 hours."
Statue of Unity,Kevadia,India,Historical,4.6,350,"A Monument site in Kevadia, significant for Historical. Best time to visit: All. Takes about 3.0 hours."
Dandi Kutir,Gandhinagar,India,Historical,4.5,0,"A Museum site in Gandhinagar, significant for Historical. Best time to visit: All. Takes about 1.5 hours."
Sabarmati Riverfront,Ahmedabad,India,Recreational,4.6,0,"A Urban Development Project site in Ahmedabad, significant for Recreational. Best time to visit: Evening. Takes about 1.0 hours."
Manek Chowk,Ahmedabad,India,Food,4.4,0,"A Market site in Ahmedabad, significant for Food. Best time to visit: Night. Takes about 2.0 hours."
Kankaria Lake,Ahmedabad,India,Recreational,4.5,10,"A Lake site in Ahmedabad, significant for Recreational. Best time to visit: Afternoon. Takes about 3.0 hours."
Science City,Ahmedabad,India,Educational,4.4,500,"A Science site in Ahmedabad, significant for Educational. Best time to visit: All. Takes about 7.0 hours."
Hawa Mahal,Jaipur,India,Architectural,4.4,50,"A Palace site in Jaipur, significant for Architectural. Best time to visit: Morning. Takes about 1.0 hours."
City Palace,Udaipur,India,Historical,4.4,300,"A Palace site in Udaipur, significant for Historical. Best time to visit: All. Takes about 2.0 hours."
Jaisalmer Fort,Jaisalmer,India,Historical,4.4,50,"A Fort site in Jaisalmer, significant for Historical. Best time to visit: All. Takes about 2.5 hours."
Ranthambore National Park,Sawai Madhopur,India,Wildlife,4.6,500,"A Wildlife Sanctuary site in Sawai Madhopur, significant for Wildlife. Best time to visit: All. Takes about 3.0 hours."
Pushkar Lake,Pushkar,India,Religious,4.4,0,"A Temple site in Pushkar, significant for Religious. Best time to visit: All. Takes about 1.5 hours."
Ajmer Sharif Dargah,Ajmer,India,Religious,4.6,0,"A Shrine site in Ajmer, significant for Religious. Best time to visit: All. Takes about 1.0 hours."
Mehrangarh Fort,Jodhpur,India,Historical,4.6,100,"A Fort site in Jodhpur, significant for Historical. Best time to visit: All. Takes about 2.0 hours."
Chittorgarh Fort,Chittorgarh,India,Historical,4.6,40,"A Fort site in Chittorgarh, significant for Historical. Best time to visit: All. Takes about 2.0 hours."
Dilwara Temples,Mount Abu,India,Religious,4.6,0,"A Temple site in Mount Abu, significant for Religious. Best time to visit: All. Takes about 1.0 hours."
Junagarh Fort,Bikaner,India,Historical,4.5,50,"A Fort site in Bikaner, significant for Historical. Best time to visit: All. Takes about 2.0 hours."
Amber Fort,Jaipur,India,Historical,4.6,100,"A Fort site in Jaipur, significant for Historical. Best time to visit: All. Takes about 2.0 hours."
Jaigarh Fort,Jaipur,India,Historical,4.5,35,"A Fort site in Jaipur, significant for Historical. Best time to visit: All. Takes about 1.5 hours."
Lake Pichola,Udaipur,India,Nature,4.6,0,"A Lake site in Udaipur, significant for Nature. Best time to visit: All. Takes about 1.0 hours."
Golden Temple (Harmandir Sahib),Amritsar,India,Spiritual,4.9,0,"A Religious Site site in Amritsar, significant for Spiritual. Best time to visit: All. Takes about 1.5 hours."
Jallianwala Bagh,Amritsar,India,Historical,4.8,0,"A Memorial site in Amritsar, significant for Historical. Best time to visit: Afternoon. Takes about 1.0 hours."
Wagah Border,Amritsar,India,Cultural,4.8,0,"A Border Crossing site in Amritsar, significant for Cultural. Best time to visit: Evening. Takes about 2.0 hours."
Rock Garden,Chandigarh,India,Artistic,4.5,30,"A Sculpture Garden site in Chandigarh, significant for Artistic. Best time to visit: All. Takes about 2.0 hours."
Alappuzha Beach,Alappuzha,India,Recreational,4.5,0,"A Beach site in Alappuzha, significant for Recreational. Best time to visit: All. Takes about 1.5 hours."
Munnar Tea Gardens,Munnar,India,Nature,4.3,0,"A Scenic Area site in Munnar, significant for Nature. Best time to visit: All. Takes about 2.0 hours."
Fort Kochi,Kochi,India,Historical,4.4,0,"A Site site in Kochi, significant for Historical. Best time to visit: All. Takes about 1.0 hours."
Padmanabhaswamy Temple,Thiruvananthapuram,India,Religious,4.7,0,"A Temple site in Thiruvananthapuram, significant for Religious. Best time to visit: All. Takes about 1.0 hours."
Kozhikode Beach,Kozhikode,India,Recreational,3.9,0,"A Beach site in Kozhikode, significant for Recreational. Best time to visit: All. Takes about 1.5 hours."
Wayanad Wildlife Sanctuary,Wayanad,India,Wildlife,4.5,300,"A Wildlife Sanctuary site in Wayanad, significant for Wildlife. Best time to visit: All. Takes about 3.0 hours."
Periyar National Park,Thekkady,India,Wildlife,4.3,50,"A National Park site in Thekkady, significant for Wildlife. Best time to visit: All. Takes about 3.0 hours."
Kumarakom Bird Sanctuary,Kumarakom,India,Wildlife,3.8,50,"A Bird Sanctuary site in Kumarakom, significant for Wildlife. Best time to visit: All. Takes about 2.0 hours."
Varkala Beach,Varkala,India,Recreational,4.6,0,"A Beach site in Varkala, significant for Recreational. Best time to visit: All. Takes about 2.0 hours."
Bekal Fort,Bekal,India,Historical,4.5,20,"A Fort site in Bekal, significant for Historical. Best time to visit: All. Takes about 1.5 hours."
Kovalam Beach,Kovalam,India,Recreational,4.4,0,"A Beach site in Kovalam, significant for Recreational. Best time to visit: All. Takes about 2.0 hours."
St. Angelo Fort,Kannur,India,Historical,4.4,20,"A Fort site in Kannur, significant for Historical. Best time to visit: All. Takes about 1.0 hours."
Seethargundu Viewpoint,Nelliyampathy,India,Nature,4.5,0,"A Viewpoint site in Nelliyampathy, significant for Nature. Best time to visit: Morning. Takes about 1.0 hours."
Kerala Folklore Museum,Kochi,India,Cultural,4.4,100,"A Cultural site in Kochi, significant for Cultural. Best time to visit: All. Takes about 1.5 hours."
Wonderla Amusement Park,Kochi,India,Entertainment,4.6,750,"A Amusement Park site in Kochi, significant for Entertainment. Best time to visit: All. Takes about 5.5 hours."
Mysore Palace,Mysore,India,Historical,4.6,50,"A Palace site in Mysore, significant for Historical. Best time to visit: All. Takes about 2.0 hours."
Hampi Archaeological Ruins,Hampi,India,Historical,4.7,0,"A Site site in Hampi, significant for Historical. Best time to visit: All. Takes about 3.0 hours."
Abbey Falls,Coorg,India,Nature,4.1,0,"A Waterfall site in Coorg, significant for Nature. Best time to visit: Morning. Takes about 1.0 hours."
Om Beach,Gokarna,India,Nature,4.5,0,"A Beach site in Gokarna, significant for Nature. Best time to visit: All. Takes about 2.0 hours."
Mullayanagiri,Chikmagalur,India,Nature,4.5,0,"A Mountain Peak site in Chikmagalur, significant for Nature. Best time to visit: All. Takes about 3.0 hours."
Badami Cave Temples,Badami,India,Religious,4.6,30,"A Cave site in Badami, significant for Religious. Best time to visit: All. Takes about 1.5 hours."
Jog Falls,Shivamogga,India,Nature,4.6,30,"A Waterfall site in Shivamogga, significant for Nature. Best time to visit: Morning. Takes about 1.5 hours."
Panambur Beach,Mangalore,India,Recreational,4.5,0,"A Beach site in Mangalore, significant for Recreational. Best time to visit: All. Takes about 1.5 hours."
Murudeshwar Temple,Murudeshwar,India,Religious,4.7,0,"A Temple site in Murudeshwar, significant for Religious. Best time to visit: All. Takes about 1.0 hours."
Gol Gumbaz,Bijapur,India,Historical,4.5,20,"A Mausoleum site in Bijapur, significant for Historical. Best time to visit: All. Takes about 1.5 hours."
Bandipur National Park,Bandipur,India,Wildlife,4.4,300,"A National Park site in Bandipur, significant for Wildlife. Best time to visit: Morning. Takes about 3.0 hours."
Halebidu Hoysaleswara Temple,Halebidu,India,Religious,4.7,15,"A Temple site in Halebidu, significant for Religious. Best time to visit: All. Takes about 1.0 hours."
Shaniwar Wada,Pune,India,Historical,4.4,50,"A Fort site in Pune, significant for Historical. Best time to visit: All. Takes about 2.0 hours."
Ajanta Caves,Aurangabad,India,Historical,4.6,30,"A Cave site in Aurangabad, significant for Historical. Best time to visit: Afternoon. Takes about 3.0 hours."
Sula Vineyards,Nashik,India,Recreational,4.1,300,"A Vineyard site in Nashik, significant for Recreational. Best time to visit: Afternoon. Takes about 2.0 hours."
Sai Baba Temple,Shirdi,India,Religious,4.7,0,"A Temple site in Shirdi, significant for Religious. Best time to visit: All. Takes about 1.5 hours."
Alibaug Beach,Alibaug,India,Recreational,4.2,0,"A Beach site in Alibaug, significant for Recreational. Best time to visit: Evening. Takes about 1.5 hours."
Ganapatipule Temple,Ratnagiri,India,Religious,4.7,0,"A Temple site in Ratnagiri, significant for Religious. Best time to visit: All. Takes about 1.0 hours."
Deekshabhoomi,Nagpur,India,Religious,4.5,0,"A Monument site in Nagpur, significant for Religious. Best time to visit: Afternoon. Takes about 1.0 hours."
Mahalakshmi Temple,Kolhapur,India,Religious,4.8,0,"A Temple site in Kolhapur, significant for Religious. Best time to visit: All. Takes about 1.0 hours."
Karla Caves,Lonavala,India,Historical,4.4,25,"A Cave site in Lonavala, significant for Historical. Best time to visit: Afternoon. Takes about 1.5 hours."
Tarkarli Beach,Tarkarli,India,Recreational,4.6,0,"A Beach site in Tarkarli, significant for Recreational. Best time to visit: Evening. Takes about 2.0 hours."
Kaas Plateau,Satara,India,Nature,4.4,300,"A Valley site in Satara, significant for Nature. Best time to visit: Afternoon. Takes about 2.0 hours."
Echo Point,Matheran,India,Nature,4.4,0,"A Viewpoint site in Matheran, significant for Nature. Best time to visit: Morning. Takes about 1.5 hours."
Ellora Caves,Ajanta,India,Historical,4.7,30,"A Cave site in Ajanta, significant for Historical. Best time to visit: Afternoon. Takes about 3.0 hours."
Khajuraho Group of Monuments,Khajuraho,India,Cultural,4.7,40,"A Temples site in Khajuraho, significant for Cultural. Best time to visit: Afternoon. Takes about 2.0 hours."
Sanchi Stupa,Bhopal,India,Historical,4.7,30,"A Monument site in Bhopal, significant for Historical. Best time to visit: Afternoon. Takes about 1.5 hours."
Rajwada Palace,Indore,India,Historical,4.4,10,"A Palace site in Indore, significant for Historical. Best time to visit: Afternoon. Takes about 1.0 hours."
Gwalior Fort,Gwalior,India,Historical,4.5,75,"A Fort site in Gwalior, significant for Historical. Best time to visit: Morning. Takes about 2.5 hours."
Mahakaleshwar Jyotirlinga,Ujjain,India,Religious,4.8,0,"A Temple site in Ujjain, significant for Religious. Best time to visit: All. Takes about 1.5 hours."
Dhuandhar Falls,Jabalpur,India,Nature,4.5,0,"A Waterfall site in Jabalpur, significant for Nature. Best time to visit: Morning. Takes about 1.0 hours."
Bee Falls,Pachmarhi,India,Nature,4.6,15,"A Waterfall site in Pachmarhi, significant for Nature. Best time to visit: Morning. Takes about 1.5 hours."
Kanha National Park,Kanha,India,Wildlife,4.5,100,"A Wildlife Sanctuary site in Kanha, significant for Wildlife. Best time to visit: Morning. Takes about 3.0 hours."
Bandhavgarh National Park,Bandhavgarh,India,Wildlife,4.5,50,"A National Park site in Bandhavgarh, significant for Wildlife. Best time to visit: Morning. Takes about 3.0 hours."
Orchha Fort,Orchha,India,Historical,4.8,10,"A Fort site in Orchha, significant for Historical. Best time to visit: Afternoon. Takes about 1.5 hours."
Jahaz Mahal,Mandu,India,Historical,3.9,50,"A Site site in Mandu, significant for Historical. Best time to visit: Afternoon. Takes about 1.0 hours."
Bhimbetka Rock Shelters,Bhimbetka,India,Archaeological,4.6,25,"A Prehistoric Site site in Bhimbetka, significant for Archaeological. Best time to visit: Afternoon. Takes about 2.0 hours."
Narmada Udgam Temple,Amarkantak,India,Religious,4.4,0,"A Temple site in Amarkantak, significant for Religious. Best time to visit: All. Takes about 1.0 hours."
Chitrakoot Falls,Chitrakoot,India,Nature,4.4,0,"A Waterfall site in Chitrakoot, significant for Nature. Best time to visit: Morning. Takes about 1.5 hours."
The Ridge,Shimla,India,Recreational,4.7,0,"A Scenic Point site in Shimla, significant for Recreational. Best time to visit: Morning. Takes about 1.0 hours."
Solang Valley,Manali,India,Adventure,4.1,0,"A Valley site in Manali, significant for Adventure. Best time to visit: Morning. Takes about 2.0 hours."
Dalai Lama Temple,dalhousie,India,Religious,4.7,0,"A Temple site in dalhousie, significant for Religious. Best time to visit: All. Takes about 1.5 hours."
Khajjiar Lake,Dalhousie,India,Nature,4.5,0,"A Lake site in Dalhousie, significant for Nature. Best time to visit: Morning. Takes about 1.5 hours."
Key Monastery,Spiti Valley,India,Religious,4.8,0,"A Monastery site in Spiti Valley, significant for Religious. Best time to visit: Morning. Takes about 1.0 hours."
Great Himalayan National Park,Kullu,India,Wildlife,4.5,50,"A National Park site in Kullu, significant for Wildlife. Best time to visit: All. Takes about 3.0 hours."
Chamera Lake,Chamba,India,Recreational,4.4,0,"A Lake site in Chamba, significant for Recreational. Best time to visit: Morning. Takes about 2.0 hours."
Sangla Valley,Kinnaur,India,Nature,4.5,0,"A Valley site in Kinnaur, significant for Nature. Best time to visit: Morning. Takes about 2.0 hours."
Kangra Fort,Kangra,India,Historical,4.4,150,"A Fort site in Kangra, significant for Historical. Best time to visit: All. Takes about 2.0 hours."
Tea Gardens,Palampur,India,Agricultural,4.6,0,"A Tea Plantation site in Palampur, significant for Agricultural. Best time to visit: Morning. Takes about 1.5 hours."
Prashar Lake,Mandi,India,Nature,4.6,0,"A Lake site in Mandi, significant for Nature. Best time to visit: Morning. Takes about 1.5 hours."
Paragliding Site,Bir Billing,India,Adventure,4.8,2500,"A Adventure Sport site in Bir Billing, significant for Adventure. Best time to visit: All. Takes about 2.0 hours."
Triund Trek,McLeod Ganj,India,Adventure,4.8,0,"A Trekking site in McLeod Ganj, significant for Adventure. Best time to visit: Morning. Takes about 5.0 hours."
Manikaran Sahib,Manikaran,India,Religious,4.6,0,"A Gurudwara site in Manikaran, significant for Religious. Best time to visit: Morning. Takes about 1.0 hours."
Hatu Peak,Narkanda,India,Nature,4.5,0,"A Viewpoint site in Narkanda, significant for Nature. Best time to visit: All. Takes about 2.0 hours."
Barot Valley,Barot,India,Nature,4.7,0,"A Valley site in Barot, significant for Nature. Best time to visit: Morning. Takes about 2.0 hours."
Serolsar Lake,Shoja,India,Nature,4.4,0,"A Lake site in Shoja, significant for Nature. Best time to visit: Morning. Takes about 2.5 hours."
Kufri Fun World,Kufri,India,Recreational,3.8,1500,"A Ski Resort site in Kufri, significant for Recreational. Best time to visit: All. Takes about 5.0 hours."
Naini Lake,Nainital,India,Nature,4.2,0,"A Lake site in Nainital, significant for Nature. Best time to visit: Morning. Takes about 1.5 hours."
Laxman Jhula,Rishikesh,India,Cultural,4.4,0,"A Suspension Bridge site in Rishikesh, significant for Cultural. Best time to visit: Morning. Takes about 1.0 hours."
Har Ki Pauri,Haridwar,India,Religious,4.5,0,"A Ghat site in Haridwar, significant for Religious. Best time to visit: All. Takes about 1.0 hours."
Robber's Cave,Dehradun,India,Nature,4.5,25,"A Cave site in Dehradun, significant for Nature. Best time to visit: Morning. Takes about 1.5 hours."
Kempty Falls,Mussoorie,India,Nature,4.2,15,"A Waterfall site in Mussoorie, significant for Nature. Best time to visit: Morning. Takes about 1.5 hours."
Auli Ski Resort,Auli,India,Adventure,4.5,0,"A Ski Resort site in Auli, significant for Adventure. Best time to visit: Morning. Takes about 3.0 hours."
Badrinath Temple,Badrinath,India,Religious,4.8,0,"A Temple site in Badrinath, significant for Religious. Best time to visit: All. Takes about 1.0 hours."
Binsar Wildlife Sanctuary,Almora,India,Wildlife,4.3,150,"A Wildlife Sanctuary site in Almora, significant for Wildlife. Best time to visit: All. Takes about 2.0 hours."
Chaubatia Gardens,Ranikhet,India,Recreational,4.0,50,"A Orchard site in Ranikhet, significant for Recreational. Best time to visit: All. Takes about 1.0 hours."
Jim Corbett National Park,Jim Corbett,India,Wildlife,4.4,100,"A National Park site in Jim Corbett, significant for Wildlife. Best time to visit: All. Takes about 3.0 hours."
Gangotri Temple,Uttarkashi,India,Religious,4.8,0,"A Temple site in Uttarkashi, significant for Religious. Best time to visit: All. Takes about 1.0 hours."
Tungnath Temple,Chopta,India,Religious,4.8,0,"A Temple site in Chopta, significant for Religious. Best time to visit: All. Takes about 2.0 hours."
Valley of Flowers,Joshimath,India,Nature,4.7,150,"A National Park site in Joshimath, significant for Nature. Best time to visit: Morning. Takes about 5.0 hours."
Taj Mahal,Agra,India,Historical,4.6,50,"A Mausoleum site in Agra, significant for Historical. Best time to visit: Morning. Takes about 2.0 hours."
Kashi Vishwanath Temple,Varanasi,India,Religious,4.7,0,"A Temple site in Varanasi, significant for Religious. Best time to visit: All. Takes about 1.0 hours."
Bara Imambara,Lucknow,India,Historical,4.4,50,"A Monument site in Lucknow, significant for Historical. Best time to visit: All. Takes about 1.5 hours."
Krishna Janmabhoomi,Mathura,India,Religious,4.7,0,"A Temple site in Mathura, significant for Religious. Best time to visit: All. Takes about 1.0 hours."
Ram Janmabhoomi,Ayodhya,India,Religious,4.8,0,"A Religious Site site in Ayodhya, significant for Religious. Best time to visit: All. Takes about 1.0 hours."
Banke Bihari Temple,Vrindavan,India,Religious,4.8,0,"A Temple site in Vrindavan, significant for Religious. Best time to visit: All. Takes about 1.0 hours."
Triveni Sangam,Allahabad,India,Religious,4.5,0,"A Confluence site in Allahabad, significant for Religious. Best time to visit: Morning. Takes about 1.0 hours."
Jhansi Fort,Jhansi,India,Historical,4.4,15,"A Fort site in Jhansi, significant for Historical. Best time to visit: All. Takes about 1.5 hours."
Dhamek Stupa,Sarnath,India,Historical,4.6,5,"A Monument site in Sarnath, significant for Historical. Best time to visit: All. Takes about 1.0 hours."
Buland Darwaza,Fatehpur Sikri,India,Historical,4.4,40,"A Monument site in Fatehpur Sikri, significant for Historical. Best time to visit: Afternoon. Takes about 2.0 hours."
Okhla Bird Sanctuary,Noida,India,Wildlife,4.3,30,"A Bird Sanctuary site in Noida, significant for Wildlife. Best time to visit: All. Takes about 1.5 hours."
Aligarh Fort,Aligarh,India,Historical,4.1,20,"A Fort site in Aligarh, significant for Historical. Best time to visit: Afternoon. Takes about 1.0 hours."
Augarnath Temple,Meerut,India,Religious,4.8,0,"A Temple site in Meerut, significant for Religious. Best time to visit: All. Takes about 1.0 hours."
Allen Forest Zoo,Kanpur,India,Wildlife,4.2,150,"A Zoo site in Kanpur, significant for Wildlife. Best time to visit: All. Takes about 2.0 hours."
Dal Lake,Srinagar,India,Nature,4.6,0,"A Lake site in Srinagar, significant for Nature. Best time to visit: Morning. Takes about 2.0 hours."
Pangong Tso,Leh,India,Nature,4.9,20,"A Lake site in Leh, significant for Nature. Best time to visit: Morning. Takes about 2.0 hours."
Betaab Valley,Pahalgam,India,Nature,4.6,100,"A Valley site in Pahalgam, significant for Nature. Best time to visit: All. Takes about 2.0 hours."
Vaishno Devi,Jammu,India,Religious,4.7,0,"A Temple site in Jammu, significant for Religious. Best time to visit: All. Takes about 5.0 hours."
Patnitop Height,Udhampur,India,Recreational,4.1,0,"A Hill site in Udhampur, significant for Recreational. Best time to visit: All. Takes about 2.0 hours."
Amarnath Cave,Anantnag,India,Religious,4.5,0,"A Temple site in Anantnag, significant for Religious. Best time to visit: All. Takes about 6.0 hours."
Thiksey Monastery,Leh,India,Religious,4.7,20,"A Monastery site in Leh, significant for Religious. Best time to visit: All. Takes about 1.5 hours."
Nubra Valley,Nubra Valley,India,Nature,4.5,0,"A Valley site in Nubra Valley, significant for Nature. Best time to visit: All. Takes about 2.0 hours."
Kargil War Memorial,Kargil,India,Historical,4.8,0,"A War Memorial site in Kargil, significant for Historical. Best time to visit: All. Takes about 1.0 hours."
Diskit Monastery,Diskit,India,Religious,4.7,20,"A Monastery site in Diskit, significant for Religious. Best time to visit: Morning. Takes about 1.0 hours."
Kishtwar National Park,Kishtwar,India,Wildlife,4.3,100,"A National Park site in Kishtwar, significant for Wildlife. Best time to visit: All. Takes about 3.0 hours."
Hemis National Park,Hemis,India,Wildlife,4.4,20,"A National Park site in Hemis, significant for Wildlife. Best time to visit: All. Takes about 4.0 hours."
Dras War Memorial,Dras,India,Historical,4.8,0,"A War Memorial site in Dras, significant for Historical. Best time to visit: All. Takes about 1.0 hours."
Magnetic Hill,Leh,India,Nature,3.7,0,"A Gravity Hill site in Leh, significant for Nature. Best time to visit: All. Takes about 0.5 hours."
Khardung La Pass,Leh,India,Adventure,4.5,0,"A Hill site in Leh, significant for Adventure. Best time to visit: Afternoon. Takes about 1.0 hours."
Thiksey Monastery,Leh,India,Religious,4.7,30,"A Monastery site in Leh, significant for Religious. Best time to visit: All. Takes about 1.5 hours."
Prem Mandir,Vrindavan,India,Religious,4.8,0,"A Temple site in Vrindavan, significant for Religious. Best time to visit: Evening. Takes about 1.5 hours."
Kirti Mandir,Porbandar,India,Historical,4.8,0,"A Memorial site in Porbandar, significant for Historical. Best time to visit: Morning. Takes about 1.0 hours."
Nand Gaon,Mathura,India,Cultural,4.1,0,"A Village site in Mathura, significant for Cultural. Best time to visit: Morning. Takes about 1.0 hours."
Barsana Mandir,Mathura,India,Religious,4.8,0,"A Temple site in Mathura, significant for Religious. Best time to visit: Morning. Takes about 1.0 hours."
Tiger Hill,Darjeeling,India,Nature,4.5,0,"A Sunrise Point site in Darjeeling, significant for Nature. Best time to visit: All. Takes about 1.0 hours."
Jaldapara National Park,Siliguri,India,Wildlife,4.4,250,"A Wildlife Sanctuary site in Siliguri, significant for Wildlife. Best time to visit: All. Takes about 3.0 hours."
Sundarbans National Park,Sundarbans,India,Wildlife,4.4,60,"A National Park site in Sundarbans, significant for Wildlife. Best time to visit: All. Takes about 4.0 hours."
Digha Beach,Digha,India,Recreational,4.5,0,"A Beach site in Digha, significant for Recreational. Best time to visit: Morning. Takes about 1.5 hours."
Hazarduari Palace,Murshidabad,India,Historical,4.5,10,"A Palace site in Murshidabad, significant for Historical. Best time to visit: Morning. Takes about 1.5 hours."
Kankalitala Temple,Bolpur,India,Religious,4.7,0,"A Temple site in Bolpur, significant for Religious. Best time to visit: All. Takes about 0.5 hours."
Hangseswari Temple,Hooghly,India,Architectural,4.6,0,"A Temple site in Hooghly, significant for Architectural. Best time to visit: All. Takes about 0.5 hours."
Gorumara National Park,Jalpaiguri,India,Wildlife,4.4,100,"A National Park site in Jalpaiguri, significant for Wildlife. Best time to visit: All. Takes about 3.0 hours."
Cooch Behar Palace,Cooch Behar,India,Historical,4.5,20,"A Palace site in Cooch Behar, significant for Historical. Best time to visit: All. Takes about 1.0 hours."
Ayodhya Hills,Purulia,India,Nature,4.5,0,"A Hill site in Purulia, significant for Nature. Best time to visit: All. Takes about 2.5 hours."
Jagannath Temple,Puri,India,Religious,4.7,0,"A Temple site in Puri, significant for Religious. Best time to visit: All. Takes about 2.0 hours."
Sun Temple,Konark,India,Historical,4.7,40,"A Temple site in Konark, significant for Historical. Best time to visit: All. Takes about 1.5 hours."
Lingaraj Temple,Bhubaneswar,India,Religious,4.6,0,"A Temple site in Bhubaneswar, significant for Religious. Best time to visit: All. Takes about 1.0 hours."
Khandadhar Waterfall,Rourkela,India,Nature,4.5,0,"A Waterfall site in Rourkela, significant for Nature. Best time to visit: All. Takes about 1.5 hours."
Barabati Fort,Cuttack,India,Historical,4.5,0,"A Fort site in Cuttack, significant for Historical. Best time to visit: All. Takes about 1.0 hours."
Hirakud Dam,Sambalpur,India,Engineering Marvel,4.5,0,"A Dam site in Sambalpur, significant for Engineering Marvel. Best time to visit: All. Takes about 1.0 hours."
Chilika Lake,Chilika,India,Nature,3.9,0,"A Lake site in Chilika, significant for Nature. Best time to visit: Morning. Takes about 2.0 hours."
Tara Tarini Temple,Berhampur,India,Religious,4.6,0,"A Temple site in Berhampur, significant for Religious. Best time to visit: All. Takes about 1.0 hours."
Badaghagara Waterfall,Keonjhar,India,Nature,4.3,0,"A Waterfall site in Keonjhar, significant for Nature. Best time to visit: Morning. Takes about 1.0 hours."
Chandipur Beach,Balasore,India,Recreational,4.2,0,"A Beach site in Balasore, significant for Recreational. Best time to visit: Morning. Takes about 1.5 hours."
Sanaghagara Waterfall,Kendujhar,India,Nature,4.4,0,"A Waterfall site in Kendujhar, significant for Nature. Best time to visit: All. Takes about 1.0 hours."
Marina Beach,Chennai,India,Recreational,3.9,0,"A Beach site in Chennai, significant for Recreational. Best time to visit: Morning. Takes about 1.5 hours."
Meenakshi Amman Temple,Madurai,India,Religious,4.7,0,"A Temple site in Madurai, significant for Religious. Best time to visit: All. Takes about 2.0 hours."
Ramanathaswamy Temple,Rameswaram,India,Religious,4.6,0,"A Temple site in Rameswaram, significant for Religious. Best time to visit: All. Takes about 1.5 hours."
Vivekananda Rock Memorial,Kanyakumari,India,Historical,4.6,20,"A Memorial site in Kanyakumari, significant for Historical. Best time to visit: Morning. Takes about 1.0 hours."
Ooty Lake,Ooty,India,Recreational,4.1,10,"A Lake site in Ooty, significant for Recreational. Best time to visit: Morning. Takes about 1.0 hours."
Marudamalai Temple,Coimbatore,India,Religious,4.7,0,"A Temple site in Coimbatore, significant for Religious. Best time to visit: All. Takes about 1.0 hours."
Kodaikanal Lake,Kodaikanal,India,Recreational,3.9,0,"A Lake site in Kodaikanal, significant for Recreational. Best time to visit: Morning. Takes about 2.0 hours."
Brihadeeswarar Temple,Thanjavur,India,Religious,4.8,0,"A Temple site in Thanjavur, significant for Religious. Best time to visit: All. Takes about 1.5 hours."
Shore Temple,Mahabalipuram,India,Historical,4.6,40,"A Temple site in Mahabalipuram, significant for Historical. Best time to visit: All. Takes about 1.0 hours."
Yercaud Lake,Yercaud,India,Recreational,4.2,0,"A Lake site in Yercaud, significant for Recreational. Best time to visit: Morning. Takes about 1.0 hours."
Nellaiappar Temple,Tirunelveli,India,Religious,4.6,0,"A Temple site in Tirunelveli, significant for Religious. Best time to visit: All. Takes about 1.0 hours."
Nataraja Temple,Chidambaram,India,Religious,4.7,0,"A Temple site in Chidambaram, significant for Religious. Best time to visit: All. Takes about 1.0 hours."
Kanaka Durga Temple,Vijayawada,India,Religious,4.7,0,"A Temple site in Vijayawada, significant for Religious. Best time to visit: All. Takes about 1.0 hours."
Rishikonda Beach,Visakhapatnam,India,Recreational,4.5,0,"A Beach site in Visakhapatnam, significant for Recreational. Best time to visit: Morning. Takes about 1.5 hours."
Mallikarjuna Swamy Temple,Srisailam,India,Religious,4.7,0,"A Temple site in Srisailam, significant for Religious. Best time to visit: All. Takes about 1.0 hours."
Papikondalu,Rajahmundry,India,Nature,4.3,0,"A Hill site in Rajahmundry, significant for Nature. Best time to visit: All. Takes about 2.0 hours."
Lepakshi,Anantapur,India,Historical,4.6,0,"A Site site in Anantapur, significant for Historical. Best time to visit: All. Takes about 1.5 hours."
Belum Caves,Kurnool,India,Natural Wonder,4.4,65,"A Cave site in Kurnool, significant for Natural Wonder. Best time to visit: Afternoon. Takes about 1.5 hours."
Amaravathi Temple,Amravati,India,Religious,4.7,0,"A Temple site in Amravati, significant for Religious. Best time to visit: All. Takes about 1.0 hours."
Uppalapadu Bird Sanctuary,Guntur,India,Wildlife,4.4,10,"A Bird Sanctuary site in Guntur, significant for Wildlife. Best time to visit: All. Takes about 1.0 hours."
Gandikota Fort,Kadapa,India,Historical,4.5,0,"A Fort site in Kadapa, significant for Historical. Best time to visit: Morning. Takes about 1.5 hours."
Prasanthi Nilayam,Puttaparthi,India,Religious,4.7,0,"A Spiritual Center site in Puttaparthi, significant for Religious. Best time to visit: All. Takes about 1.0 hours."
Simhachalam Temple,Vizianagaram,India,Religious,4.7,0,"A Temple site in Vizianagaram, significant for Religious. Best time to visit: All. Takes about 1.0 hours."
Kailasagiri,Visakhapatnam,India,Recreational,4.5,0,"A Hill site in Visakhapatnam, significant for Recreational. Best time to visit: All. Takes about 2.0 hours."
Submarine Museum,Visakhapatnam,India,Historical,4.6,40,"A Museum site in Visakhapatnam, significant for Historical. Best time to visit: All. Takes about 1.0 hours."
Borra Caves,Visakhapatnam,India,Natural Wonder,4.5,60,"A Cave site in Visakhapatnam, significant for Natural Wonder. Best time to visit: Afternoon. Takes about 2.0 hours."
War Memorial,Visakhapatnam,India,Historical,4.6,0,"A War Memorial site in Visakhapatnam, significant for Historical. Best time to visit: All. Takes about 1.0 hours."
Indira Gandhi Zoological Park,Visakhapatnam,India,Wildlife,4.1,20,"A Zoo site in Visakhapatnam, significant for Wildlife. Best time to visit: Afternoon. Takes about 2.0 hours."
Matsyadarshini Aquarium,Visakhapatnam,India,Recreational,3.8,20,"A Aquarium site in Visakhapatnam, significant for Recreational. Best time to visit: All. Takes about 1.0 hours."
Visakha Museum,Visakhapatnam,India,Cultural,4.3,10,"A Museum site in Visakhapatnam, significant for Cultural. Best time to visit: All. Takes about 1.0 hours."
Nathula Pass,Gangtok,India,Historical,4.3,20,"A Hill site in Gangtok, significant for Historical. Best time to visit: Afternoon. Takes about 2.0 hours."
Pemayangtse Monastery,Pelling,India,Religious,4.6,20,"A Monastery site in Pelling, significant for Religious. Best time to visit: Morning. Takes about 1.0 hours."
Char Dham,Namchi,India,Religious,4.7,50,"A Religious Complex site in Namchi, significant for Religious. Best time to visit: All. Takes about 2.0 hours."
Rumtek Monastery,Gangtok,India,Religious,4.6,10,"A Monastery site in Gangtok, significant for Religious. Best time to visit: Morning. Takes about 1.0 hours."
Buddha Park,Ravangla,India,Cultural,4.8,50,"A Park site in Ravangla, significant for Cultural. Best time to visit: All. Takes about 1.0 hours."
Baba Harbhajan Singh Temple,Gangtok,India,Religious,4.7,0,"A Temple site in Gangtok, significant for Religious. Best time to visit: All. Takes about 1.0 hours."
Tsomgo Lake,Gangtok,India,Nature,4.5,0,"A Lake site in Gangtok, significant for Nature. Best time to visit: Morning. Takes about 2.0 hours."
Kamakhya Temple,Guwahati,India,Religious,4.6,0,"A Temple site in Guwahati, significant for Religious. Best time to visit: All. Takes about 2.0 hours."
Kaziranga National Park,Kaziranga,India,Wildlife,4.5,650,"A National Park site in Kaziranga, significant for Wildlife. Best time to visit: Morning. Takes about 3.0 hours."
Umananda Island,Guwahati,India,Nature,4.1,0,"A Island site in Guwahati, significant for Nature. Best time to visit: Morning. Takes about 1.0 hours."
Sivasagar Sivadol,Sivasagar,India,Historical,4.7,0,"A Temple site in Sivasagar, significant for Historical. Best time to visit: All. Takes about 1.0 hours."
Majuli Island,Majuli,India,Cultural,4.7,0,"A River Island site in Majuli, significant for Cultural. Best time to visit: Morning. Takes about 2.0 hours."
Manas National Park,Manas,India,Wildlife,4.6,500,"A National Park site in Manas, significant for Wildlife. Best time to visit: Morning. Takes about 3.0 hours."
Hayagriva Madhava Temple,Hajo,India,Religious,4.5,0,"A Temple site in Hajo, significant for Religious. Best time to visit: All. Takes about 1.0 hours."
Pobitora Wildlife Sanctuary,Guwahati,India,Wildlife,4.4,500,"A Wildlife Sanctuary site in Guwahati, significant for Wildlife. Best time to visit: All. Takes about 2.0 hours."
Tawang Monastery,Tawang,India,Religious,4.7,0,"A Monastery site in Tawang, significant for Religious. Best time to visit: Morning. Takes about 2.0 hours."
Ujjayanta Palace,Agartala,India,Historical,4.5,10,"A Palace site in Agartala, significant for Historical. Best time to visit: All. Takes about 1.5 hours."
Dumboor Lake,Dumboor,India,Nature,4.5,0,"A Lake site in Dumboor, significant for Nature. Best time to visit: Morning. Takes about 1.0 hours."
Unakoti Rock Carvings,Unakoti,India,Historical,4.5,20,"A Rock Carvings site in Unakoti, significant for Historical. Best time to visit: Morning. Takes about 1.5 hours."
Chitrakote Falls,Bastar,India,Nature,4.6,0,"A Waterfall site in Bastar, significant for Nature. Best time to visit: Morning. Takes about 1.5 hours."
Dzükou Valley,Dzükou Valley,India,Trekking,4.7,0,"A Valley site in Dzükou Valley, significant for Trekking. Best time to visit: Afternoon. Takes about 3.0 hours."
Promenade Beach,Puducherry,India,Recreational,4.5,0,"A Beach site in Puducherry, significant for Recreational. Best time to visit: Morning. Takes about 1.0 hours."
Auroville,Auroville,India,Cultural,4.1,0,"A Township site in Auroville, significant for Cultural. Best time to visit: All. Takes about 2.0 hours."
Paradise Beach,Puducherry,India,Recreational,4.5,200,"A Beach site in Puducherry, significant for Recreational. Best time to visit: Morning. Takes about 1.0 hours."
Cellular Jail,Port Blair,India,Historical,4.7,30,"A Landmark site in Port Blair, significant for Historical. Best time to visit: Afternoon. Takes about 1.5 hours."
Radhanagar Beach,Havelock Island,India,Nature,4.8,0,"A Beach site in Havelock Island, significant for Nature. Best time to visit: Morning. Takes about 1.0 hours."
Bharatpur Beach,Neil Island,India,Nature,4.5,0,"A Beach site in Neil Island, significant for Nature. Best time to visit: Morning. Takes about 1.0 hours."
Limestone Caves,Baratang Island,India,Nature,4.4,250,"A Natural Feature site in Baratang Island, significant for Nature. Best time to visit: Morning. Takes about 1.5 hours."
Naida Caves,Diu,India,Nature,4.5,0,"A Cave site in Diu, significant for Nature. Best time to visit: Afternoon. Takes about 1.0 hours."
Diu Fort,Diu,India,Historical,4.6,0,"A Fort site in Diu, significant for Historical. Best time to visit: Afternoon. Takes about 1.5 hours."
Baba Baidyanath Temple,Deoghar,India,Religious,4.7,0,"A Temple site in Deoghar, significant for Religious. Best time to visit: All. Takes about 1.0 hours."
Pahari Mandir,Ranchi,India,Religious,4.6,0,"A Temple site in Ranchi, significant for Religious. Best time to visit: All. Takes about 1.0 hours."
Mahabodhi Temple,Bodh Gaya,India,Religious,4.7,0,"A Temple site in Bodh Gaya, significant for Religious. Best time to visit: All. Takes about 1.5 hours."
Sanjay Gandhi Biological Park,Patna,India,Wildlife,4.3,30,"A Zoo site in Patna, significant for Wildlife. Best time to visit: All. Takes about 2.5 hours."
Takhat Shri Harimandir Ji Patna Sahib,Patna,India,Religious,4.7,0,"A Gurudwara site in Patna, significant for Religious. Best time to visit: All. Takes about 1.0 hours."
Budhha Smriti Park,Patna,India,Cultural,4.4,10,"A Park site in Patna, significant for Cultural. Best time to visit: All. Takes about 1.0 hours."
Kingdom of Dreams,Gurugram,India,Entertainment,4.4,1100,"A Entertainment site in Gurugram, significant for Entertainment. Best time to visit: Afternoon. Takes about 3.0 hours."
Ambience Mall,Gurugram,India,Shopping,4.6,0,"A Mall site in Gurugram, significant for Shopping. Best time to visit: Afternoon. Takes about 2.0 hours."
DLF CyberHub,Gurugram,India,Entertainment,4.7,0,"A Commercial Complex site in Gurugram, significant for Entertainment. Best time to visit: Afternoon. Takes about 2.0 hours."
Gurudwara Bangla Sahib,New Delhi,India,Religious,4.8,0,"A Gurudwara site in New Delhi, significant for Religious. Best time to visit: All. Takes about 1.0 hours."
Kedarnath,Kedarnath,India,Religious,4.8,0,"A Temple site in Kedarnath, significant for Religious. Best time to visit: All. Takes about 1.5 hours."
DLF Mall of India,Noida,India,Shopping,4.6,0,"A Mall site in Noida, significant for Shopping. Best time to visit: All. Takes about 2.0 hours."
The Grand Venice Mall,Greater Noida,India,Shopping,4.2,0,"A Mall site in Greater Noida, significant for Shopping. Best time to visit: All. Takes about 2.0 hours."
Wonderla Amusement Park,Bengaluru,India,Entertainment,4.5,890,"A Amusement Park site in Bengaluru, significant for Entertainment. Best time to visit: All. Takes about 4.0 hours."
Nandankanan Zoological Park,Bhubaneswar,India,Wildlife,4.4,50,"A Zoo site in Bhubaneswar, significant for Wildlife. Best time to visit: Afternoon. Takes about 3.0 hours."
Orion Mall,Bengaluru,India,Shopping,4.5,0,"A Mall site in Bengaluru, significant for Shopping. Best time to visit: All. Takes about 2.0 hours."
Inorbit Mall Cyberabad,Hyderabad,India,Shopping,4.5,0,"A Mall site in Hyderabad, significant for Shopping. Best time to visit: All. Takes about 2.0 hours."
Jama Masjid,New Delhi,India,Historical,4.5,0,"A Mosque site in New Delhi, significant for Historical. Best time to visit: All. Takes about 1.0 hours."
Ramanathaswamy Temple,Rameswaram,India,Religious,4.7,0,"A Temple site in Rameswaram, significant for Religious. Best time to visit: All. Takes about 1.5 hours."
Buddh International Circuit,Greater Noida,India,Sports,4.6,1500,"A Race Track site in Greater Noida, significant for Sports. Best time to visit: All. Takes about 2.0 hours."
Phoenix Palassio,Lucknow,India,Shopping,4.6,0,"A Mall site in Lucknow, significant for Shopping. Best time to visit: All. Takes about 2.0 hours."
LuLu International Shopping Mall,Kochi,India,Shopping,4.6,0,"A Mall site in Kochi, significant for Shopping. Best time to visit: All. Takes about 3.0 hours."
Rail Museum,New Delhi,India,Cultural,4.4,50,"A Museum site in New Delhi, significant for Cultural. Best time to visit: Morning. Takes about 2.0 hours."
Living Root Bridge,Cherrapunji,India,Nature,4.6,0,"A Natural Feature site in Cherrapunji, significant for Nature. Best time to visit: Morning. Takes about 2.0 hours."
Akshardham,Gandhinagar,India,Religious,4.6,0,"A Temple site in Gandhinagar, significant for Religious. Best time to visit: All. Takes about 3.0 hours."
Agra Fort,Agra,India,Historical,4.5,40,"A Fort site in Agra, significant for Historical. Best time to visit: Afternoon. Takes about 2.0 hours."
Madhya Pradesh Tribal Museum,Bhopal,India,Cultural,4.7,10,"A Museum site in Bhopal, significant for Cultural. Best time to visit: All. Takes about 2.0 hours."
City Palace,Jaipur,India,Historical,4.4,200,"A Palace site in Jaipur, significant for Historical. Best time to visit: Morning. Takes about 2.0 hours."
Albert Hall Museum,Jaipur,India,Historical,4.5,200,"A Museum site in Jaipur, significant for Historical. Best time to visit: All. Takes about 2.0 hours."
Eiffel Tower,Paris,France,Historical,4.7,30,Iconic iron lattice tower built in 1889 offering panoramic views of Paris from three levels.
Louvre Museum,Paris,France,Cultural,4.7,20,The world's largest art museum housing the Mona Lisa and thousands of historic artworks.
Great Wall of China,Beijing,China,Historical,4.8,10,Ancient fortification spanning thousands of miles built to protect against invasions.
Forbidden City,Beijing,China,Historical,4.7,10,Massive imperial palace complex that served as home to Chinese emperors for centuries.
Machu Picchu,Cusco,Peru,Historical,4.9,45,"Ancient Incan citadel set high in the Andes Mountains, a UNESCO World Heritage Site."
Colosseum,Rome,Italy,Historical,4.8,18,"Ancient amphitheater in Rome once used for gladiator contests, an icon of the Roman Empire."
Vatican Museums,Vatican City,Vatican City,Cultural,4.7,20,Home to the Sistine Chapel and an extensive collection of art amassed by the Catholic Church.
Leaning Tower of Pisa,Pisa,Italy,Historical,4.5,20,"Freestanding bell tower famous for its unintended tilt, completed in 1399."
Sagrada Familia,Barcelona,Spain,Cultural,4.8,28,Antoni Gaudi's unfinished basilica renowned for its unique architecture and design.
Statue of Liberty,New York,USA,Historical,4.7,24,"Iconic copper statue gifted by France, symbolizing freedom and democracy since 1886."
Grand Canyon,Arizona,USA,Nature,4.9,35,"Massive natural canyon carved by the Colorado River, one of the world's great natural wonders."
Times Square,New York,USA,Cultural,4.5,0,Bustling commercial hub known for its bright billboards and Broadway theaters.
Golden Gate Bridge,San Francisco,USA,Historical,4.8,0,"Famous suspension bridge and symbol of San Francisco, completed in 1937."
Niagara Falls,Ontario,Canada,Nature,4.7,20,"Massive waterfalls on the border of Canada and the USA, popular for boat tours."
Christ the Redeemer,Rio de Janeiro,Brazil,Historical,4.7,15,Art Deco statue of Jesus Christ overlooking Rio de Janeiro from Corcovado mountain.
Iguazu Falls,Foz do Iguacu,Brazil,Nature,4.9,25,"One of the largest waterfall systems in the world, spanning the Brazil-Argentina border."
Pyramids of Giza,Giza,Egypt,Historical,4.8,15,"Ancient Egyptian pyramids including the Great Pyramid, one of the Seven Wonders of the Ancient World."
Sphinx,Giza,Egypt,Historical,4.6,10,Limestone statue of a mythical creature with a lion's body and human head near the Giza pyramids.
Burj Khalifa,Dubai,UAE,Cultural,4.7,40,"The world's tallest building, offering observation decks with panoramic desert and city views."
Petra,Ma'an,Jordan,Historical,4.9,70,"Ancient city carved into rose-colored rock, a UNESCO World Heritage Site and New Wonder of the World."
Taj Mahal,Agra,India,Historical,4.8,15,"Ivory-white marble mausoleum built by Mughal emperor Shah Jahan, a UNESCO World Heritage Site."
Angkor Wat,Siem Reap,Cambodia,Historical,4.8,37,"Largest religious monument in the world, originally built as a Hindu temple complex."
Mount Fuji,Honshu,Japan,Nature,4.7,0,"Japan's tallest and most iconic volcano, sacred in Japanese culture and popular for climbing."
Fushimi Inari Shrine,Kyoto,Japan,Cultural,4.7,0,Famous Shinto shrine known for its thousands of vibrant red torii gates.
Sydney Opera House,Sydney,Australia,Cultural,4.7,25,Iconic performing arts venue with a distinctive shell-like architectural design.
Great Barrier Reef,Queensland,Australia,Nature,4.8,150,"World's largest coral reef system, popular for snorkeling and diving."
Santorini,Santorini,Greece,Nature,4.8,0,"Picturesque island famous for white-washed buildings, blue domes, and stunning sunsets."
Acropolis of Athens,Athens,Greece,Historical,4.7,20,"Ancient citadel featuring the Parthenon, symbolizing classical Greek civilization."
Stonehenge,Wiltshire,United Kingdom,Historical,4.5,25,"Prehistoric monument of massive standing stones, believed to date back over 4000 years."
Buckingham Palace,London,United Kingdom,Cultural,4.5,35,"Official residence of the British monarch, known for the Changing of the Guard ceremony."
Big Ben,London,United Kingdom,Historical,4.6,0,"Iconic clock tower at the Houses of Parliament, one of London's most recognized landmarks."
Neuschwanstein Castle,Bavaria,Germany,Historical,4.7,17,Fairytale-style 19th century castle that inspired Disney's Sleeping Beauty Castle.
Brandenburg Gate,Berlin,Germany,Historical,4.6,0,Neoclassical monument symbolizing German reunification and a former city gate.
Amsterdam Canals,Amsterdam,Netherlands,Cultural,4.6,20,Historic 17th century canal network forming a UNESCO World Heritage Site.
Blue Mosque,Istanbul,Turkiye,Cultural,4.7,0,Ottoman-era mosque famous for its blue interior tiles and six minarets.
Hagia Sophia,Istanbul,Turkiye,Historical,4.7,25,"Former Byzantine cathedral and Ottoman mosque, now a museum showcasing centuries of history."
Cappadocia,Nevsehir,Turkiye,Nature,4.9,150,Region famous for unique rock formations and hot air balloon rides at sunrise.
Dead Sea,Sowayma,Jordan,Nature,4.6,20,Hypersaline lake known for its extreme buoyancy and mineral-rich mud.
Table Mountain,Cape Town,South Africa,Nature,4.8,20,"Flat-topped mountain overlooking Cape Town, accessible via cable car."
Victoria Falls,Livingstone,Zambia,Nature,4.9,30,"One of the world's largest waterfalls, located on the Zambezi River."
Serengeti National Park,Serengeti,Tanzania,Nature,4.9,70,Famous safari destination known for the annual wildebeest migration.
Marina Bay Sands,Singapore,Singapore,Cultural,4.6,25,Iconic hotel and resort with a rooftop infinity pool overlooking the Singapore skyline.
Petronas Towers,Kuala Lumpur,Malaysia,Cultural,4.6,25,"Twin skyscrapers that were once the tallest buildings in the world, with a sky bridge."
Ha Long Bay,Quang Ninh,Vietnam,Nature,4.8,25,"Scenic bay dotted with thousands of limestone karsts and islands, a UNESCO World Heritage Site."
Bali Rice Terraces,Ubud,Indonesia,Nature,4.7,5,Stunning tiered rice paddies showcasing traditional Balinese irrigation systems.
Borobudur Temple,Magelang,Indonesia,Historical,4.7,25,"World's largest Buddhist temple, built in the 9th century."
Chichen Itza,Yucatan,Mexico,Historical,4.7,30,"Ancient Mayan city famous for the step-pyramid El Castillo, a New Wonder of the World."
Antelope Canyon,Arizona,USA,Nature,4.9,50,Stunning slot canyon known for its wave-like sandstone walls and light beams.
Banff National Park,Alberta,Canada,Nature,4.9,0,Canada's oldest national park featuring turquoise lakes and the Canadian Rockies.
Plitvice Lakes,Plitvicka Jezera,Croatia,Nature,4.8,40,"Series of terraced lakes connected by waterfalls, a UNESCO World Heritage Site."
Prague Castle,Prague,Czechia,Historical,4.7,15,"Largest ancient castle complex in the world, overlooking the city of Prague."
Charles Bridge,Prague,Czechia,Historical,4.6,0,"Historic stone bridge crossing the Vltava River, lined with baroque statues."
